file_name,class_name,query,source_url
dandruff_0001_6e9c60147d167c26.jpg,dandruff,dandruff scalp flakes close up,dataset/concerns/dandruff/_raw/dandruff_scalp_flakes_close_up/000092.jpg
dandruff_0002_809ba07efd918608.jpg,dandruff,dandruff scalp flakes close up,dataset/concerns/dandruff/_raw/dandruff_scalp_flakes_close_up/000077.jpg
dandruff_0003_19ff845082880bf0.jpg,dandruff,dandruff scalp flakes close up,dataset/concerns/dandruff/_raw/dandruff_scalp_flakes_close_up/000030.jpg
dandruff_0004_91e9be4cf2d204e1.jpg,dandruff,dandruff scalp flakes close up,dataset/concerns/dandruff/_raw/dandruff_scalp_flakes_close_up/000005.jpg
dandruff_0005_49d0c0b84f982401.jpg,dandruff,dandruff scalp flakes close up,dataset/concerns/dandruff/_raw/dandruff_scalp_flakes_close_up/000100.jpg
dandruff_0006_142097c817d8b936.jpg,dandruff,dandruff scalp flakes close up,dataset/concerns/dandruff/_raw/dandruff_scalp_flakes_close_up/000118.jpg
dandruff_0007_43486ed041d2f757.jpg,dandruff,dandruff scalp flakes close up,dataset/concerns/dandruff/_raw/dandruff_scalp_flakes_close_up/000273.jpg
dandruff_0008_ab3a20954596af1f.jpg,dandruff,dandruff scalp flakes close up,dataset/concerns/dandruff/_raw/dandruff_scalp_flakes_close_up/000101.jpg
dandruff_0009_52d181d26bacd8ef.jpg,dandruff,dandruff scalp flakes close up,dataset/concerns/dandruff/_raw/dandruff_scalp_flakes_close_up/000230.jpg
dandruff_0010_4d2c0ad56b238752.jpg,dandruff,dandruff scalp flakes close up,dataset/concerns/dandruff/_raw/dandruff_scalp_flakes_close_up/000129.jpg
dandruff_0011_488b8d9885700ad9.jpg,dandruff,dandruff scalp flakes close up,dataset/concerns/dandruff/_raw/dandruff_scalp_flakes_close_up/000240.jpg
dandruff_0012_f7db70b5d02324ac.jpg,dandruff,dandruff scalp flakes close up,dataset/concerns/dandruff/_raw/dandruff_scalp_flakes_close_up/000150.jpg
dandruff_0013_faae2642cb74d4d3.jpg,dandruff,dandruff scalp flakes close up,dataset/concerns/dandruff/_raw/dandruff_scalp_flakes_close_up/000168.jpg
dandruff_0014_bec0022b806f87ef.jpg,dandruff,dandruff scalp flakes close up,dataset/concerns/dandruff/_raw/dandruff_scalp_flakes_close_up/000135.jpg
dandruff_0015_61fecd561517bf66.jpg,dandruff,dandruff scalp flakes close up,dataset/concerns/dandruff/_raw/dandruff_scalp_flakes_close_up/000045.jpg
dandruff_0016_0540abb371c64594.jpg,dandruff,dandruff scalp flakes close up,dataset/concerns/dandruff/_raw/dandruff_scalp_flakes_close_up/000229.jpg
dandruff_0017_ae778f97ec02446b.jpg,dandruff,dandruff scalp flakes close up,dataset/concerns/dandruff/_raw/dandruff_scalp_flakes_close_up/000138.jpg
dandruff_0018_f07e7ca5e33f7f6e.jpg,dandruff,dandruff scalp flakes close up,dataset/concerns/dandruff/_raw/dandruff_scalp_flakes_close_up/000164.jpg
dandruff_0019_5a21868205e70db3.jpg,dandruff,dandruff scalp flakes close up,dataset/concerns/dandruff/_raw/dandruff_scalp_flakes_close_up/000090.jpg
dandruff_0020_1ce5cc4e63a1c5fd.jpg,dandruff,dandruff scalp flakes close up,dataset/concerns/dandruff/_raw/dandruff_scalp_flakes_close_up/000265.jpg
dandruff_0021_5eaa7ef179fb2f47.jpg,dandruff,dandruff scalp flakes close up,dataset/concerns/dandruff/_raw/dandruff_scalp_flakes_close_up/000111.jpg
dandruff_0022_969b81ab15a0aa56.jpg,dandruff,dandruff scalp flakes close up,dataset/concerns/dandruff/_raw/dandruff_scalp_flakes_close_up/000171.jpg
dandruff_0023_e8bd6227329802e5.jpg,dandruff,dandruff scalp flakes close up,dataset/concerns/dandruff/_raw/dandruff_scalp_flakes_close_up/000258.jpg
dandruff_0024_aa1513fd171cad42.jpg,dandruff,dandruff scalp flakes close up,dataset/concerns/dandruff/_raw/dandruff_scalp_flakes_close_up/000188.jpg
dandruff_0025_2734d42f51c6ebdb.jpg,dandruff,dandruff scalp flakes close up,dataset/concerns/dandruff/_raw/dandruff_scalp_flakes_close_up/000187.jpg
dandruff_0026_c9216a791ca62f2b.jpg,dandruff,dandruff scalp flakes close up,dataset/concerns/dandruff/_raw/dandruff_scalp_flakes_close_up/000175.jpg
dandruff_0027_45b37dd0b73e1831.jpg,dandruff,dandruff scalp flakes close up,dataset/concerns/dandruff/_raw/dandruff_scalp_flakes_close_up/000209.jpg
dandruff_0028_5fad59751e2e072e.jpg,dandruff,dandruff scalp flakes close up,dataset/concerns/dandruff/_raw/dandruff_scalp_flakes_close_up/000075.jpg
dandruff_0029_9a47fba1bb4dd25a.jpg,dandruff,dandruff scalp flakes close up,dataset/concerns/dandruff/_raw/dandruff_scalp_flakes_close_up/000027.jpg
dandruff_0030_0cc02831754aee04.jpg,dandruff,dandruff scalp flakes close up,dataset/concerns/dandruff/_raw/dandruff_scalp_flakes_close_up/000082.jpg
dandruff_0031_8674a116078f2567.jpg,dandruff,dandruff scalp flakes close up,dataset/concerns/dandruff/_raw/dandruff_scalp_flakes_close_up/000043.jpg
dandruff_0032_9d36014cbdb5e6d4.jpg,dandruff,dandruff scalp flakes close up,dataset/concerns/dandruff/_raw/dandruff_scalp_flakes_close_up/000157.jpg
dandruff_0033_0675787e238f63a3.jpg,dandruff,dandruff scalp flakes close up,dataset/concerns/dandruff/_raw/dandruff_scalp_flakes_close_up/000115.jpg
dandruff_0034_d03c79a6d399e31c.jpg,dandruff,dandruff scalp flakes close up,dataset/concerns/dandruff/_raw/dandruff_scalp_flakes_close_up/000128.jpg
dandruff_0035_90036ab6d89d1c8c.jpg,dandruff,dandruff scalp flakes close up,dataset/concerns/dandruff/_raw/dandruff_scalp_flakes_close_up/000144.jpg
dandruff_0036_9e8ea9eada49d6cc.jpg,dandruff,dandruff scalp flakes close up,dataset/concerns/dandruff/_raw/dandruff_scalp_flakes_close_up/000042.jpg
dandruff_0037_e0118e66e0159948.jpg,dandruff,dandruff scalp flakes close up,dataset/concerns/dandruff/_raw/dandruff_scalp_flakes_close_up/000186.jpg
dandruff_0038_dfbb67bcab688b94.jpg,dandruff,dandruff scalp flakes close up,dataset/concerns/dandruff/_raw/dandruff_scalp_flakes_close_up/000070.jpg
dandruff_0039_f0dc14e62ede5bba.jpg,dandruff,dandruff scalp flakes close up,dataset/concerns/dandruff/_raw/dandruff_scalp_flakes_close_up/000041.jpg
dandruff_0040_ce56ce3c10da0b48.jpg,dandruff,dandruff scalp flakes close up,dataset/concerns/dandruff/_raw/dandruff_scalp_flakes_close_up/000019.jpg
dandruff_0041_98206fe32556af5c.jpg,dandruff,dandruff scalp flakes close up,dataset/concerns/dandruff/_raw/dandruff_scalp_flakes_close_up/000024.jpg
dandruff_0042_ae64aa6785f02bb0.jpg,dandruff,dandruff scalp flakes close up,dataset/concerns/dandruff/_raw/dandruff_scalp_flakes_close_up/000185.jpg
dandruff_0043_8a9de2ac830a7250.jpg,dandruff,dandruff scalp flakes close up,dataset/concerns/dandruff/_raw/dandruff_scalp_flakes_close_up/000192.jpg
dandruff_0044_4fd24001e22f8103.jpg,dandruff,dandruff scalp flakes close up,dataset/concerns/dandruff/_raw/dandruff_scalp_flakes_close_up/000208.jpg
dandruff_0045_82e16627540e644a.jpg,dandruff,dandruff scalp flakes close up,dataset/concerns/dandruff/_raw/dandruff_scalp_flakes_close_up/000228.jpg
dandruff_0046_2f0bc0e616a9e192.jpg,dandruff,dandruff scalp flakes close up,dataset/concerns/dandruff/_raw/dandruff_scalp_flakes_close_up/000048.jpg
dandruff_0047_39e56ddbc9e46169.jpg,dandruff,dandruff scalp flakes close up,dataset/concerns/dandruff/_raw/dandruff_scalp_flakes_close_up/000277.jpg
dandruff_0048_56a6a4895f0ed149.jpg,dandruff,dandruff scalp flakes close up,dataset/concerns/dandruff/_raw/dandruff_scalp_flakes_close_up/000127.jpg
dandruff_0049_676ae5530001e060.jpg,dandruff,dandruff scalp flakes close up,dataset/concerns/dandruff/_raw/dandruff_scalp_flakes_close_up/000204.jpg
dandruff_0050_ffc0a8911dea5537.jpg,dandruff,dandruff scalp flakes close up,dataset/concerns/dandruff/_raw/dandruff_scalp_flakes_close_up/000089.jpg
dandruff_0051_7bb49f8dc46e9fb0.jpg,dandruff,dandruff scalp flakes close up,dataset/concerns/dandruff/_raw/dandruff_scalp_flakes_close_up/000263.jpg
dandruff_0052_813e4a58313e9583.jpg,dandruff,dandruff scalp flakes close up,dataset/concerns/dandruff/_raw/dandruff_scalp_flakes_close_up/000056.jpg
dandruff_0053_e051bcafbea6eca3.jpg,dandruff,dandruff scalp flakes close up,dataset/concerns/dandruff/_raw/dandruff_scalp_flakes_close_up/000251.jpg
dandruff_0054_0ae5940e4ae7d5c7.jpg,dandruff,dandruff scalp flakes close up,dataset/concerns/dandruff/_raw/dandruff_scalp_flakes_close_up/000232.jpg
dandruff_0055_a40d8d57d1fa2298.jpg,dandruff,dandruff scalp flakes close up,dataset/concerns/dandruff/_raw/dandruff_scalp_flakes_close_up/000093.jpg
dandruff_0056_576d391bcd54100b.jpg,dandruff,dandruff scalp flakes close up,dataset/concerns/dandruff/_raw/dandruff_scalp_flakes_close_up/000197.jpg
dandruff_0057_2971ac0b720df77b.jpg,dandruff,dandruff scalp flakes close up,dataset/concerns/dandruff/_raw/dandruff_scalp_flakes_close_up/000179.jpg
dandruff_0058_8f0597d592596d46.jpg,dandruff,dandruff scalp flakes close up,dataset/concerns/dandruff/_raw/dandruff_scalp_flakes_close_up/000216.jpg
dandruff_0059_9bdd5fcc3c24b6d3.jpg,dandruff,dandruff scalp flakes close up,dataset/concerns/dandruff/_raw/dandruff_scalp_flakes_close_up/000031.jpg
dandruff_0060_a4703b0a32c63f47.jpg,dandruff,dandruff scalp flakes close up,dataset/concerns/dandruff/_raw/dandruff_scalp_flakes_close_up/000243.jpg
dandruff_0061_26b58e445945ce7b.jpg,dandruff,dandruff scalp flakes close up,dataset/concerns/dandruff/_raw/dandruff_scalp_flakes_close_up/000233.jpg
dandruff_0062_065834d806ac786a.jpg,dandruff,dandruff scalp flakes close up,dataset/concerns/dandruff/_raw/dandruff_scalp_flakes_close_up/000113.jpg
dandruff_0063_a0f6625f9927f830.jpg,dandruff,dandruff scalp flakes close up,dataset/concerns/dandruff/_raw/dandruff_scalp_flakes_close_up/000172.jpg
dandruff_0064_c6f1ea036eb148c1.jpg,dandruff,dandruff scalp flakes close up,dataset/concerns/dandruff/_raw/dandruff_scalp_flakes_close_up/000221.jpg
dandruff_0065_16beb62c61f85473.jpg,dandruff,dandruff scalp flakes close up,dataset/concerns/dandruff/_raw/dandruff_scalp_flakes_close_up/000261.jpg
dandruff_0066_47e040f56e90aa9b.jpg,dandruff,dandruff scalp flakes close up,dataset/concerns/dandruff/_raw/dandruff_scalp_flakes_close_up/000196.jpg
dandruff_0067_944583076cd1a425.jpg,dandruff,dandruff scalp flakes close up,dataset/concerns/dandruff/_raw/dandruff_scalp_flakes_close_up/000169.jpg
dandruff_0068_82b1db58a6deef34.jpg,dandruff,dandruff scalp flakes close up,dataset/concerns/dandruff/_raw/dandruff_scalp_flakes_close_up/000004.jpg
dandruff_0069_1ceb684b065786de.jpg,dandruff,dandruff scalp flakes close up,dataset/concerns/dandruff/_raw/dandruff_scalp_flakes_close_up/000181.jpg
dandruff_0070_d94a5c80a80900f0.jpg,dandruff,dandruff scalp flakes close up,dataset/concerns/dandruff/_raw/dandruff_scalp_flakes_close_up/000109.jpg
dandruff_0071_00fce9464ff407a1.jpg,dandruff,dandruff scalp flakes close up,dataset/concerns/dandruff/_raw/dandruff_scalp_flakes_close_up/000051.jpg
dandruff_0072_c8b49baa9560e07f.jpg,dandruff,dandruff scalp flakes close up,dataset/concerns/dandruff/_raw/dandruff_scalp_flakes_close_up/000236.jpg
dandruff_0073_8788837597151ca4.jpg,dandruff,dandruff scalp flakes close up,dataset/concerns/dandruff/_raw/dandruff_scalp_flakes_close_up/000058.jpg
dandruff_0074_5eca37f3930d2cd3.jpg,dandruff,dandruff scalp flakes close up,dataset/concerns/dandruff/_raw/dandruff_scalp_flakes_close_up/000253.jpg
dandruff_0075_3632fe3d7efa5d02.jpg,dandruff,dandruff scalp flakes close up,dataset/concerns/dandruff/_raw/dandruff_scalp_flakes_close_up/000034.jpg
dandruff_0076_c97ec5f4dad27dbf.jpg,dandruff,dandruff scalp flakes close up,dataset/concerns/dandruff/_raw/dandruff_scalp_flakes_close_up/000099.jpg
dandruff_0077_74024012e6d67725.jpg,dandruff,dandruff scalp flakes close up,dataset/concerns/dandruff/_raw/dandruff_scalp_flakes_close_up/000269.jpg
dandruff_0078_3ff40b4be5c87bbf.jpg,dandruff,dandruff scalp flakes close up,dataset/concerns/dandruff/_raw/dandruff_scalp_flakes_close_up/000214.jpg
dandruff_0079_bae164d9d9560345.jpg,dandruff,dandruff scalp flakes close up,dataset/concerns/dandruff/_raw/dandruff_scalp_flakes_close_up/000121.jpg
dandruff_0080_6adaa8d81e10787a.jpg,dandruff,dandruff scalp flakes close up,dataset/concerns/dandruff/_raw/dandruff_scalp_flakes_close_up/000010.jpg
dandruff_0081_a5430c08e506d1b6.jpg,dandruff,dandruff scalp flakes close up,dataset/concerns/dandruff/_raw/dandruff_scalp_flakes_close_up/000060.jpg
dandruff_0082_e28f26f92fc7aac8.jpg,dandruff,dandruff scalp flakes close up,dataset/concerns/dandruff/_raw/dandruff_scalp_flakes_close_up/000191.jpg
dandruff_0083_ad3814961504e771.jpg,dandruff,dandruff scalp flakes close up,dataset/concerns/dandruff/_raw/dandruff_scalp_flakes_close_up/000177.jpg
dandruff_0084_460b42c488d43ebb.jpg,dandruff,dandruff scalp flakes close up,dataset/concerns/dandruff/_raw/dandruff_scalp_flakes_close_up/000194.jpg
dandruff_0085_ff314a41711ab57e.jpg,dandruff,dandruff scalp flakes close up,dataset/concerns/dandruff/_raw/dandruff_scalp_flakes_close_up/000017.jpg
dandruff_0086_4d8a4eb70add6d8e.jpg,dandruff,dandruff scalp flakes close up,dataset/concerns/dandruff/_raw/dandruff_scalp_flakes_close_up/000021.jpg
dandruff_0087_ac2d9740775e0ee0.jpg,dandruff,dandruff scalp flakes close up,dataset/concerns/dandruff/_raw/dandruff_scalp_flakes_close_up/000278.jpg
dandruff_0088_32f495b3dbff5a61.jpg,dandruff,dandruff scalp flakes close up,dataset/concerns/dandruff/_raw/dandruff_scalp_flakes_close_up/000203.jpg
dandruff_0089_c6f4e2796ed5a84a.jpg,dandruff,dandruff scalp flakes close up,dataset/concerns/dandruff/_raw/dandruff_scalp_flakes_close_up/000156.jpg
dandruff_0090_8747cba0c1e4bf58.jpg,dandruff,dandruff scalp flakes close up,dataset/concerns/dandruff/_raw/dandruff_scalp_flakes_close_up/000245.jpg
dandruff_0091_96ee0bab9d9f7e8b.jpg,dandruff,dandruff scalp flakes close up,dataset/concerns/dandruff/_raw/dandruff_scalp_flakes_close_up/000063.jpg
dandruff_0092_20c2721792e3f801.jpg,dandruff,dandruff scalp flakes close up,dataset/concerns/dandruff/_raw/dandruff_scalp_flakes_close_up/000176.jpg
dandruff_0093_88f5b5c6f0d1ca82.jpg,dandruff,dandruff scalp flakes close up,dataset/concerns/dandruff/_raw/dandruff_scalp_flakes_close_up/000141.jpg
dandruff_0094_ac2a375945a68db8.jpg,dandruff,dandruff scalp flakes close up,dataset/concerns/dandruff/_raw/dandruff_scalp_flakes_close_up/000268.jpg
dandruff_0095_43416ce31f32722e.jpg,dandruff,dandruff scalp flakes close up,dataset/concerns/dandruff/_raw/dandruff_scalp_flakes_close_up/000098.jpg
dandruff_0096_a0e26d8cd5142057.jpg,dandruff,dandruff scalp flakes close up,dataset/concerns/dandruff/_raw/dandruff_scalp_flakes_close_up/000206.jpg
dandruff_0097_1f320291c63e5b2b.jpg,dandruff,dandruff scalp flakes close up,dataset/concerns/dandruff/_raw/dandruff_scalp_flakes_close_up/000239.jpg
dandruff_0098_ab950f4a50d6be71.jpg,dandruff,dandruff scalp flakes close up,dataset/concerns/dandruff/_raw/dandruff_scalp_flakes_close_up/000087.jpg
dandruff_0099_36cc303be4f96dde.jpg,dandruff,dandruff scalp flakes close up,dataset/concerns/dandruff/_raw/dandruff_scalp_flakes_close_up/000139.jpg
dandruff_0100_96c6843061247bb9.jpg,dandruff,dandruff scalp flakes close up,dataset/concerns/dandruff/_raw/dandruff_scalp_flakes_close_up/000016.jpg
dandruff_0101_66b729b1ed3e9355.jpg,dandruff,dandruff scalp flakes close up,dataset/concerns/dandruff/_raw/dandruff_scalp_flakes_close_up/000110.jpg
dandruff_0102_e801ca3f97aa74e2.jpg,dandruff,dandruff scalp flakes close up,dataset/concerns/dandruff/_raw/dandruff_scalp_flakes_close_up/000148.jpg
dandruff_0103_82477fcc17b2c4a4.jpg,dandruff,dandruff scalp flakes close up,dataset/concerns/dandruff/_raw/dandruff_scalp_flakes_close_up/000247.jpg
dandruff_0104_35d1da3b6d738c4f.jpg,dandruff,dandruff scalp flakes close up,dataset/concerns/dandruff/_raw/dandruff_scalp_flakes_close_up/000264.jpg
dandruff_0105_77d9530e36ca0234.jpg,dandruff,dandruff scalp flakes close up,dataset/concerns/dandruff/_raw/dandruff_scalp_flakes_close_up/000105.jpg
dandruff_0106_72decde33da5c86a.jpg,dandruff,dandruff scalp flakes close up,dataset/concerns/dandruff/_raw/dandruff_scalp_flakes_close_up/000119.jpg
dandruff_0107_e2f2b5c848dee149.jpg,dandruff,dandruff scalp flakes close up,dataset/concerns/dandruff/_raw/dandruff_scalp_flakes_close_up/000254.jpg
dandruff_0108_55f98e0a2dd1ea53.jpg,dandruff,dandruff scalp flakes close up,dataset/concerns/dandruff/_raw/dandruff_scalp_flakes_close_up/000205.jpg
dandruff_0109_73946c321555ae7e.jpg,dandruff,dandruff scalp flakes close up,dataset/concerns/dandruff/_raw/dandruff_scalp_flakes_close_up/000003.jpg
dandruff_0110_d4f11961c583e639.jpg,dandruff,dandruff scalp flakes close up,dataset/concerns/dandruff/_raw/dandruff_scalp_flakes_close_up/000142.jpg
dandruff_0111_2f17d5fb79ec6b3d.jpg,dandruff,dandruff scalp flakes close up,dataset/concerns/dandruff/_raw/dandruff_scalp_flakes_close_up/000008.jpg
dandruff_0112_6a50f3607471e439.jpg,dandruff,dandruff scalp flakes close up,dataset/concerns/dandruff/_raw/dandruff_scalp_flakes_close_up/000199.jpg
dandruff_0113_01eb1b93e689a631.jpg,dandruff,dandruff scalp flakes close up,dataset/concerns/dandruff/_raw/dandruff_scalp_flakes_close_up/000200.jpg
dandruff_0114_37374c5e77f418f6.jpg,dandruff,dandruff scalp flakes close up,dataset/concerns/dandruff/_raw/dandruff_scalp_flakes_close_up/000154.jpg
dandruff_0115_7c5a4cbcc6c42c27.jpg,dandruff,dandruff scalp flakes close up,dataset/concerns/dandruff/_raw/dandruff_scalp_flakes_close_up/000011.jpg
dandruff_0116_f348fa65e4a0406c.jpg,dandruff,dandruff scalp flakes close up,dataset/concerns/dandruff/_raw/dandruff_scalp_flakes_close_up/000029.jpg
dandruff_0117_90ec1d7c52d0186e.jpg,dandruff,dandruff scalp flakes close up,dataset/concerns/dandruff/_raw/dandruff_scalp_flakes_close_up/000163.jpg
dandruff_0118_eaf91ac401123da7.jpg,dandruff,dandruff scalp flakes close up,dataset/concerns/dandruff/_raw/dandruff_scalp_flakes_close_up/000006.jpg
dandruff_0119_6eb560dc154e57ff.jpg,dandruff,dandruff scalp flakes close up,dataset/concerns/dandruff/_raw/dandruff_scalp_flakes_close_up/000052.jpg
dandruff_0120_cf1f002de9e8ebf6.jpg,dandruff,dandruff scalp flakes close up,dataset/concerns/dandruff/_raw/dandruff_scalp_flakes_close_up/000064.jpg
dandruff_0121_ec1c41f31c6dd754.jpg,dandruff,dandruff scalp flakes close up,dataset/concerns/dandruff/_raw/dandruff_scalp_flakes_close_up/000028.jpg
dandruff_0122_ea7c4f8a9f0ab94d.jpg,dandruff,dandruff scalp flakes close up,dataset/concerns/dandruff/_raw/dandruff_scalp_flakes_close_up/000117.jpg
dandruff_0123_fa0cf232cf0b0e95.jpg,dandruff,dandruff scalp flakes close up,dataset/concerns/dandruff/_raw/dandruff_scalp_flakes_close_up/000120.jpg
dandruff_0124_48f34b560e89988e.jpg,dandruff,dandruff scalp flakes close up,dataset/concerns/dandruff/_raw/dandruff_scalp_flakes_close_up/000072.jpg
dandruff_0125_654d91ab010a1097.jpg,dandruff,dandruff scalp flakes close up,dataset/concerns/dandruff/_raw/dandruff_scalp_flakes_close_up/000012.jpg
dandruff_0126_6386d3673de0b001.jpg,dandruff,dandruff scalp flakes close up,dataset/concerns/dandruff/_raw/dandruff_scalp_flakes_close_up/000267.jpg
dandruff_0127_0e81caeef664b7bd.jpg,dandruff,dandruff scalp flakes close up,dataset/concerns/dandruff/_raw/dandruff_scalp_flakes_close_up/000035.jpg
dandruff_0128_b4e502843242ab00.jpg,dandruff,dandruff scalp flakes close up,dataset/concerns/dandruff/_raw/dandruff_scalp_flakes_close_up/000257.jpg
dandruff_0129_a0bc4786ade0a7cc.jpg,dandruff,dandruff scalp flakes close up,dataset/concerns/dandruff/_raw/dandruff_scalp_flakes_close_up/000146.jpg
dandruff_0130_b61372bbfe92779e.jpg,dandruff,dandruff scalp flakes close up,dataset/concerns/dandruff/_raw/dandruff_scalp_flakes_close_up/000095.jpg
dandruff_0131_cfeea248ee0c5707.jpg,dandruff,dandruff scalp flakes close up,dataset/concerns/dandruff/_raw/dandruff_scalp_flakes_close_up/000091.jpg
dandruff_0132_c480e5eabe167d94.jpg,dandruff,dandruff scalp flakes close up,dataset/concerns/dandruff/_raw/dandruff_scalp_flakes_close_up/000170.jpg
dandruff_0133_8319858c8df117e9.jpg,dandruff,dandruff scalp flakes close up,dataset/concerns/dandruff/_raw/dandruff_scalp_flakes_close_up/000212.jpg
dandruff_0134_e5c561c72cb9ee33.jpg,dandruff,dandruff scalp flakes close up,dataset/concerns/dandruff/_raw/dandruff_scalp_flakes_close_up/000049.jpg
dandruff_0135_61b2af0d630f7d4b.jpg,dandruff,dandruff scalp flakes close up,dataset/concerns/dandruff/_raw/dandruff_scalp_flakes_close_up/000220.jpg
dandruff_0136_40818237f7636d8a.jpg,dandruff,dandruff scalp flakes close up,dataset/concerns/dandruff/_raw/dandruff_scalp_flakes_close_up/000044.jpg
dandruff_0137_6e2a6d56faf15fdb.jpg,dandruff,dandruff scalp flakes close up,dataset/concerns/dandruff/_raw/dandruff_scalp_flakes_close_up/000226.jpg
dandruff_0138_b5551f7119474b1e.jpg,dandruff,dandruff scalp flakes close up,dataset/concerns/dandruff/_raw/dandruff_scalp_flakes_close_up/000022.jpg
dandruff_0139_c4a4c266dbd9d0b7.jpg,dandruff,dandruff scalp flakes close up,dataset/concerns/dandruff/_raw/dandruff_scalp_flakes_close_up/000108.jpg
dandruff_0140_c2c50d6b07a7b7c4.jpg,dandruff,dandruff scalp flakes close up,dataset/concerns/dandruff/_raw/dandruff_scalp_flakes_close_up/000178.jpg
dandruff_0141_218fecbe247dbffd.jpg,dandruff,dandruff scalp flakes close up,dataset/concerns/dandruff/_raw/dandruff_scalp_flakes_close_up/000050.jpg
dandruff_0142_b0ab8e3d9afc9c97.jpg,dandruff,dandruff scalp flakes close up,dataset/concerns/dandruff/_raw/dandruff_scalp_flakes_close_up/000255.jpg
dandruff_0143_8f0237323a65ed95.jpg,dandruff,dandruff scalp flakes close up,dataset/concerns/dandruff/_raw/dandruff_scalp_flakes_close_up/000211.jpg
dandruff_0144_30d99cfbcdc5b7e3.jpg,dandruff,dandruff scalp flakes close up,dataset/concerns/dandruff/_raw/dandruff_scalp_flakes_close_up/000126.jpg
dandruff_0145_ef70a02ed81638ff.jpg,dandruff,dandruff scalp flakes close up,dataset/concerns/dandruff/_raw/dandruff_scalp_flakes_close_up/000059.jpg
dandruff_0146_1d483410d0b7a459.jpg,dandruff,dandruff scalp flakes close up,dataset/concerns/dandruff/_raw/dandruff_scalp_flakes_close_up/000062.jpg
dandruff_0147_bbf1b899f5b62ab7.jpg,dandruff,dandruff scalp flakes close up,dataset/concerns/dandruff/_raw/dandruff_scalp_flakes_close_up/000007.jpg
dandruff_0148_efd7ea5a3fb205ca.jpg,dandruff,dandruff scalp flakes close up,dataset/concerns/dandruff/_raw/dandruff_scalp_flakes_close_up/000184.jpg
dandruff_0149_f3761131edb6d8a2.jpg,dandruff,dandruff scalp flakes close up,dataset/concerns/dandruff/_raw/dandruff_scalp_flakes_close_up/000259.jpg
dandruff_0150_be36a05ae831b18a.jpg,dandruff,dandruff scalp flakes close up,dataset/concerns/dandruff/_raw/dandruff_scalp_flakes_close_up/000083.jpg
dandruff_0151_4aafd3cea8344624.jpg,dandruff,dandruff scalp flakes close up,dataset/concerns/dandruff/_raw/dandruff_scalp_flakes_close_up/000066.jpg
dandruff_0152_63e80116feb59afd.jpg,dandruff,dandruff scalp flakes close up,dataset/concerns/dandruff/_raw/dandruff_scalp_flakes_close_up/000096.jpg
dandruff_0153_086de7991f08352a.jpg,dandruff,dandruff scalp flakes close up,dataset/concerns/dandruff/_raw/dandruff_scalp_flakes_close_up/000151.jpg
dandruff_0154_5ea5fb2db367f589.jpg,dandruff,dandruff scalp flakes close up,dataset/concerns/dandruff/_raw/dandruff_scalp_flakes_close_up/000155.jpg
dandruff_0155_446c63fb18a4f3f7.jpg,dandruff,dandruff scalp flakes close up,dataset/concerns/dandruff/_raw/dandruff_scalp_flakes_close_up/000057.jpg
dandruff_0156_1083d3b7a50924d1.jpg,dandruff,dandruff scalp flakes close up,dataset/concerns/dandruff/_raw/dandruff_scalp_flakes_close_up/000069.jpg
dandruff_0157_cb6fdbf043626957.jpg,dandruff,dandruff scalp flakes close up,dataset/concerns/dandruff/_raw/dandruff_scalp_flakes_close_up/000241.jpg
dandruff_0158_d2efbb19d4e3dfa2.jpg,dandruff,dandruff scalp flakes close up,dataset/concerns/dandruff/_raw/dandruff_scalp_flakes_close_up/000275.jpg
dandruff_0159_943adbd2a9bec699.jpg,dandruff,dandruff scalp flakes close up,dataset/concerns/dandruff/_raw/dandruff_scalp_flakes_close_up/000195.jpg
dandruff_0160_6bfc383f70c87999.jpg,dandruff,dandruff scalp flakes close up,dataset/concerns/dandruff/_raw/dandruff_scalp_flakes_close_up/000132.jpg
dandruff_0161_c260caf0d2cdd7d3.jpg,dandruff,dandruff scalp flakes close up,dataset/concerns/dandruff/_raw/dandruff_scalp_flakes_close_up/000122.jpg
dandruff_0162_1bebdfb12955989a.jpg,dandruff,dandruff scalp flakes close up,dataset/concerns/dandruff/_raw/dandruff_scalp_flakes_close_up/000002.jpg
dandruff_0163_79df17a6da289bac.jpg,dandruff,dandruff scalp flakes close up,dataset/concerns/dandruff/_raw/dandruff_scalp_flakes_close_up/000014.jpg
dandruff_0164_8c1fe794ca2a0d1f.jpg,dandruff,dandruff scalp flakes close up,dataset/concerns/dandruff/_raw/dandruff_scalp_flakes_close_up/000080.jpg
dandruff_0165_d0492709aed2516a.jpg,dandruff,dandruff scalp flakes close up,dataset/concerns/dandruff/_raw/dandruff_scalp_flakes_close_up/000235.jpg
dandruff_0166_7a29d808252734ce.jpg,dandruff,dandruff scalp flakes close up,dataset/concerns/dandruff/_raw/dandruff_scalp_flakes_close_up/000202.jpg
dandruff_0167_5bee2233a910fe74.jpg,dandruff,dandruff scalp flakes close up,dataset/concerns/dandruff/_raw/dandruff_scalp_flakes_close_up/000249.jpg
dandruff_0168_4339eda44d044f39.jpg,dandruff,dandruff scalp flakes close up,dataset/concerns/dandruff/_raw/dandruff_scalp_flakes_close_up/000015.jpg
dandruff_0169_afba8361a97da4aa.jpg,dandruff,dandruff scalp flakes close up,dataset/concerns/dandruff/_raw/dandruff_scalp_flakes_close_up/000088.jpg
dandruff_0170_f512b710d9fab6a3.jpg,dandruff,dandruff scalp flakes close up,dataset/concerns/dandruff/_raw/dandruff_scalp_flakes_close_up/000124.jpg
dandruff_0171_83dd37800549fb17.jpg,dandruff,dandruff scalp flakes close up,dataset/concerns/dandruff/_raw/dandruff_scalp_flakes_close_up/000234.jpg
dandruff_0172_185e1f0e5768a10e.jpg,dandruff,dandruff scalp flakes close up,dataset/concerns/dandruff/_raw/dandruff_scalp_flakes_close_up/000198.jpg
dandruff_0173_d284abf594949e43.jpg,dandruff,dandruff scalp flakes close up,dataset/concerns/dandruff/_raw/dandruff_scalp_flakes_close_up/000137.jpg
dandruff_0174_f51ae656263c78c5.jpg,dandruff,dandruff scalp flakes close up,dataset/concerns/dandruff/_raw/dandruff_scalp_flakes_close_up/000086.jpg
dandruff_0175_ea2d47e4ff97c0f5.jpg,dandruff,dandruff scalp flakes close up,dataset/concerns/dandruff/_raw/dandruff_scalp_flakes_close_up/000106.jpg
dandruff_0176_7bbbdf34520eef6f.jpg,dandruff,dandruff scalp flakes close up,dataset/concerns/dandruff/_raw/dandruff_scalp_flakes_close_up/000266.jpg
dandruff_0177_9ee531d8bbccd941.jpg,dandruff,dandruff scalp flakes close up,dataset/concerns/dandruff/_raw/dandruff_scalp_flakes_close_up/000193.jpg
dandruff_0178_e184340e15cb9ce8.jpg,dandruff,dandruff scalp flakes close up,dataset/concerns/dandruff/_raw/dandruff_scalp_flakes_close_up/000047.jpg
dandruff_0179_e395cc296426f979.jpg,dandruff,dandruff scalp flakes close up,dataset/concerns/dandruff/_raw/dandruff_scalp_flakes_close_up/000078.jpg
dandruff_0180_d1ab6d27cd5abd7f.jpg,dandruff,dandruff scalp flakes close up,dataset/concerns/dandruff/_raw/dandruff_scalp_flakes_close_up/000145.jpg
dandruff_0181_3aae7bc368c80fe8.jpg,dandruff,dandruff scalp flakes close up,dataset/concerns/dandruff/_raw/dandruff_scalp_flakes_close_up/000165.jpg
dandruff_0182_402853b98d40c353.jpg,dandruff,dandruff scalp flakes close up,dataset/concerns/dandruff/_raw/dandruff_scalp_flakes_close_up/000055.jpg
dandruff_0183_34323e7e9dccbde3.jpg,dandruff,dandruff scalp flakes close up,dataset/concerns/dandruff/_raw/dandruff_scalp_flakes_close_up/000224.jpg
dandruff_0184_629ac8045106a4c6.jpg,dandruff,dandruff scalp flakes close up,dataset/concerns/dandruff/_raw/dandruff_scalp_flakes_close_up/000223.jpg
dandruff_0185_3c46e17d33f40c32.jpg,dandruff,dandruff scalp flakes close up,dataset/concerns/dandruff/_raw/dandruff_scalp_flakes_close_up/000026.jpg
dandruff_0186_fe84ea94b1370723.jpg,dandruff,dandruff scalp flakes close up,dataset/concerns/dandruff/_raw/dandruff_scalp_flakes_close_up/000040.jpg
dandruff_0187_a1e6d8824c0587c5.jpg,dandruff,dandruff scalp flakes close up,dataset/concerns/dandruff/_raw/dandruff_scalp_flakes_close_up/000143.jpg
dandruff_0188_0bbb08941234bc46.jpg,dandruff,dandruff scalp flakes close up,dataset/concerns/dandruff/_raw/dandruff_scalp_flakes_close_up/000160.jpg
dandruff_0189_5ff6525179b663bf.jpg,dandruff,dandruff scalp flakes close up,dataset/concerns/dandruff/_raw/dandruff_scalp_flakes_close_up/000033.jpg
dandruff_0190_cc3fb7091ff64a51.jpg,dandruff,dandruff scalp flakes close up,dataset/concerns/dandruff/_raw/dandruff_scalp_flakes_close_up/000246.jpg
dandruff_0191_a35382605e0fe29c.jpg,dandruff,dandruff scalp flakes close up,dataset/concerns/dandruff/_raw/dandruff_scalp_flakes_close_up/000244.jpg
dandruff_0192_ac56e50072f1e1eb.jpg,dandruff,dandruff scalp flakes close up,dataset/concerns/dandruff/_raw/dandruff_scalp_flakes_close_up/000018.jpg
dandruff_0193_0f4fe4304542ee6d.jpg,dandruff,dandruff scalp flakes close up,dataset/concerns/dandruff/_raw/dandruff_scalp_flakes_close_up/000074.jpg
dandruff_0194_a414181e127b5d73.jpg,dandruff,dandruff scalp flakes close up,dataset/concerns/dandruff/_raw/dandruff_scalp_flakes_close_up/000001.jpg
dandruff_0195_14f5fecce8396af2.jpg,dandruff,dandruff scalp flakes close up,dataset/concerns/dandruff/_raw/dandruff_scalp_flakes_close_up/000158.jpg
dandruff_0196_3f22636d241531a4.jpg,dandruff,dandruff scalp flakes close up,dataset/concerns/dandruff/_raw/dandruff_scalp_flakes_close_up/000252.jpg
dandruff_0197_982712783ea0817d.jpg,dandruff,dandruff scalp flakes close up,dataset/concerns/dandruff/_raw/dandruff_scalp_flakes_close_up/000270.jpg
dandruff_0198_e8404112a1dda321.jpg,dandruff,dandruff scalp flakes close up,dataset/concerns/dandruff/_raw/dandruff_scalp_flakes_close_up/000161.jpg
dandruff_0199_0ec07d5375fbbfe0.jpg,dandruff,dandruff scalp flakes close up,dataset/concerns/dandruff/_raw/dandruff_scalp_flakes_close_up/000094.jpg
dandruff_0200_49d1b0082c37fbac.jpg,dandruff,dandruff scalp flakes close up,dataset/concerns/dandruff/_raw/dandruff_scalp_flakes_close_up/000149.jpg
dandruff_0201_d4db2328f2516c04.jpg,dandruff,dandruff scalp flakes close up,dataset/concerns/dandruff/_raw/dandruff_scalp_flakes_close_up/000271.jpg
dandruff_0202_63d8eb597c93d5b9.jpg,dandruff,dandruff scalp flakes close up,dataset/concerns/dandruff/_raw/dandruff_scalp_flakes_close_up/000081.jpg
dandruff_0203_d2721c98f4b57f60.jpg,dandruff,dandruff scalp flakes close up,dataset/concerns/dandruff/_raw/dandruff_scalp_flakes_close_up/000173.jpg
dandruff_0204_337eaaa4f6848f76.jpg,dandruff,dandruff scalp flakes close up,dataset/concerns/dandruff/_raw/dandruff_scalp_flakes_close_up/000180.jpg
dandruff_0205_9c1057880acd0d8f.jpg,dandruff,dandruff scalp flakes close up,dataset/concerns/dandruff/_raw/dandruff_scalp_flakes_close_up/000231.jpg
dandruff_0206_e78b3f3381739a0c.jpg,dandruff,dandruff scalp flakes close up,dataset/concerns/dandruff/_raw/dandruff_scalp_flakes_close_up/000053.jpg
dandruff_0207_e74eb9c83317e877.jpg,dandruff,dandruff scalp flakes close up,dataset/concerns/dandruff/_raw/dandruff_scalp_flakes_close_up/000256.jpg
dandruff_0208_c9f3f0b2395ffbee.jpg,dandruff,dandruff scalp flakes close up,dataset/concerns/dandruff/_raw/dandruff_scalp_flakes_close_up/000215.jpg
dandruff_0209_13cfceec7fab4de3.jpg,dandruff,dandruff scalp flakes close up,dataset/concerns/dandruff/_raw/dandruff_scalp_flakes_close_up/000136.jpg
dandruff_0210_abb569d7e3cb6681.jpg,dandruff,dandruff scalp flakes close up,dataset/concerns/dandruff/_raw/dandruff_scalp_flakes_close_up/000104.jpg
dandruff_0211_fb05e09b6fd5a8cb.jpg,dandruff,dandruff scalp flakes close up,dataset/concerns/dandruff/_raw/dandruff_scalp_flakes_close_up/000038.jpg
dandruff_0212_978b033448a09528.jpg,dandruff,dandruff scalp flakes close up,dataset/concerns/dandruff/_raw/dandruff_scalp_flakes_close_up/000037.jpg
dandruff_0213_c1733ac9ed9329fb.jpg,dandruff,dandruff scalp flakes close up,dataset/concerns/dandruff/_raw/dandruff_scalp_flakes_close_up/000065.jpg
dandruff_0214_80b14ee5cb2b4eee.jpg,dandruff,dandruff scalp flakes close up,dataset/concerns/dandruff/_raw/dandruff_scalp_flakes_close_up/000274.jpg
dandruff_0215_e33a2eeae0e5bada.jpg,dandruff,dandruff scalp flakes close up,dataset/concerns/dandruff/_raw/dandruff_scalp_flakes_close_up/000130.jpg
dandruff_0216_e2d22b77ac85184e.jpg,dandruff,dandruff scalp flakes close up,dataset/concerns/dandruff/_raw/dandruff_scalp_flakes_close_up/000133.jpg
dandruff_0217_b8f0023e930ce75e.jpg,dandruff,dandruff scalp flakes close up,dataset/concerns/dandruff/_raw/dandruff_scalp_flakes_close_up/000237.jpg
dandruff_0218_de9646cc76941730.jpg,dandruff,dandruff scalp flakes close up,dataset/concerns/dandruff/_raw/dandruff_scalp_flakes_close_up/000238.jpg
dandruff_0219_df4cb298602e5f19.jpg,dandruff,dandruff scalp flakes close up,dataset/concerns/dandruff/_raw/dandruff_scalp_flakes_close_up/000073.jpg
dandruff_0220_62881dc44aa9a99a.jpg,dandruff,dandruff scalp flakes close up,dataset/concerns/dandruff/_raw/dandruff_scalp_flakes_close_up/000032.jpg
dandruff_0221_3692000ab5ddc96b.jpg,dandruff,dandruff scalp flakes close up,dataset/concerns/dandruff/_raw/dandruff_scalp_flakes_close_up/000071.jpg
dandruff_0222_fad2dcadd36afa57.jpg,dandruff,dandruff scalp flakes close up,dataset/concerns/dandruff/_raw/dandruff_scalp_flakes_close_up/000123.jpg
dandruff_0223_3056df25a5ce8b57.jpg,dandruff,dandruff scalp flakes close up,dataset/concerns/dandruff/_raw/dandruff_scalp_flakes_close_up/000152.jpg
dandruff_0224_25732602fb0c3175.jpg,dandruff,dandruff scalp flakes close up,dataset/concerns/dandruff/_raw/dandruff_scalp_flakes_close_up/000189.jpg
dandruff_0225_2b85caae78079173.jpg,dandruff,dandruff scalp flakes close up,dataset/concerns/dandruff/_raw/dandruff_scalp_flakes_close_up/000147.jpg
dandruff_0226_ca23e0f88b31bc66.jpg,dandruff,dandruff scalp flakes close up,dataset/concerns/dandruff/_raw/dandruff_scalp_flakes_close_up/000023.jpg
dandruff_0227_03b8802ce62e9197.jpg,dandruff,dandruff scalp flakes close up,dataset/concerns/dandruff/_raw/dandruff_scalp_flakes_close_up/000061.jpg
dandruff_0228_1a897292055393ae.jpg,dandruff,dandruff scalp flakes close up,dataset/concerns/dandruff/_raw/dandruff_scalp_flakes_close_up/000013.jpg
dandruff_0229_755b66dffb36ca3b.jpg,dandruff,dandruff scalp flakes close up,dataset/concerns/dandruff/_raw/dandruff_scalp_flakes_close_up/000225.jpg
dandruff_0230_d26b09c937cb0fc0.jpg,dandruff,dandruff scalp flakes close up,dataset/concerns/dandruff/_raw/dandruff_scalp_flakes_close_up/000219.jpg
dandruff_0231_01d8269685b8bcea.jpg,dandruff,dandruff scalp flakes close up,dataset/concerns/dandruff/_raw/dandruff_scalp_flakes_close_up/000210.jpg
dandruff_0232_b17cf4d3c65550ba.jpg,dandruff,dandruff scalp flakes close up,dataset/concerns/dandruff/_raw/dandruff_scalp_flakes_close_up/000103.jpg
dandruff_0233_dfa2c684668a5778.jpg,dandruff,dandruff scalp flakes close up,dataset/concerns/dandruff/_raw/dandruff_scalp_flakes_close_up/000272.jpg
dandruff_0234_4e8d0fe121ecd048.jpg,dandruff,dandruff scalp flakes close up,dataset/concerns/dandruff/_raw/dandruff_scalp_flakes_close_up/000218.jpg
dandruff_0235_0fb7748bc7c5b75e.jpg,dandruff,dandruff scalp flakes close up,dataset/concerns/dandruff/_raw/dandruff_scalp_flakes_close_up/000260.jpg
dandruff_0236_694abe4478f3d4d5.jpg,dandruff,dandruff scalp flakes close up,dataset/concerns/dandruff/_raw/dandruff_scalp_flakes_close_up/000217.jpg
dandruff_0237_65e7c703619c64d8.jpg,dandruff,dandruff scalp flakes close up,dataset/concerns/dandruff/_raw/dandruff_scalp_flakes_close_up/000009.jpg
dandruff_0238_8da21e7a45914a3a.jpg,dandruff,dandruff scalp flakes close up,dataset/concerns/dandruff/_raw/dandruff_scalp_flakes_close_up/000167.jpg
dandruff_0239_1571a18b0c30ac32.jpg,dandruff,dandruff scalp flakes close up,dataset/concerns/dandruff/_raw/dandruff_scalp_flakes_close_up/000131.jpg
dandruff_0240_3817470188025e9f.jpg,dandruff,dandruff scalp flakes close up,dataset/concerns/dandruff/_raw/dandruff_scalp_flakes_close_up/000068.jpg
dandruff_0241_6b7154c82662646c.jpg,dandruff,dandruff scalp flakes close up,dataset/concerns/dandruff/_raw/dandruff_scalp_flakes_close_up/000182.jpg
dandruff_0242_6a08b6194818cef8.jpg,dandruff,dandruff scalp flakes close up,dataset/concerns/dandruff/_raw/dandruff_scalp_flakes_close_up/000107.jpg
dandruff_0243_3384b1380dcbb555.jpg,dandruff,dandruff scalp flakes close up,dataset/concerns/dandruff/_raw/dandruff_scalp_flakes_close_up/000036.jpg
dandruff_0244_90593b474e1ac2c4.jpg,dandruff,dandruff scalp flakes close up,dataset/concerns/dandruff/_raw/dandruff_scalp_flakes_close_up/000201.jpg
dandruff_0245_dbef366a9f1ce120.jpg,dandruff,dandruff scalp flakes close up,dataset/concerns/dandruff/_raw/dandruff_scalp_flakes_close_up/000085.jpg
dandruff_0246_f978ac35b9ca84f9.jpg,dandruff,dandruff scalp flakes close up,dataset/concerns/dandruff/_raw/dandruff_scalp_flakes_close_up/000222.jpg
dandruff_0247_09c429c410725bcc.jpg,dandruff,dandruff scalp flakes close up,dataset/concerns/dandruff/_raw/dandruff_scalp_flakes_close_up/000140.jpg
dandruff_0248_85f79c9a6ec47ddb.jpg,dandruff,dandruff scalp flakes close up,dataset/concerns/dandruff/_raw/dandruff_scalp_flakes_close_up/000046.jpg
dandruff_0249_5dc5be13fdc6a151.jpg,dandruff,dandruff scalp flakes close up,dataset/concerns/dandruff/_raw/dandruff_scalp_flakes_close_up/000025.jpg
dandruff_0250_92106c468c0c37db.jpg,dandruff,dandruff scalp flakes close up,dataset/concerns/dandruff/_raw/dandruff_scalp_flakes_close_up/000174.jpg
dandruff_0251_4759bee7bf8fce10.jpg,dandruff,dandruff scalp flakes close up,dataset/concerns/dandruff/_raw/dandruff_scalp_flakes_close_up/000097.jpg
dandruff_0252_755b8b188c48919e.jpg,dandruff,dandruff scalp flakes close up,dataset/concerns/dandruff/_raw/dandruff_scalp_flakes_close_up/000227.jpg
dandruff_0253_4ec5a14d9a00465b.jpg,dandruff,dandruff scalp flakes close up,dataset/concerns/dandruff/_raw/dandruff_scalp_flakes_close_up/000134.jpg
dandruff_0254_e31ec142e13fa928.jpg,dandruff,dandruff scalp flakes close up,dataset/concerns/dandruff/_raw/dandruff_scalp_flakes_close_up/000125.jpg
dandruff_0255_7d641232d15a1792.jpg,dandruff,dandruff scalp flakes close up,dataset/concerns/dandruff/_raw/dandruff_scalp_flakes_close_up/000079.jpg
dandruff_0256_1d868cd97669eb4c.jpg,dandruff,dandruff scalp flakes close up,dataset/concerns/dandruff/_raw/dandruff_scalp_flakes_close_up/000020.jpg
dandruff_0257_8c071407c715c199.jpg,dandruff,dandruff scalp flakes close up,dataset/concerns/dandruff/_raw/dandruff_scalp_flakes_close_up/000084.jpg
dandruff_0258_08d7b252dd959140.jpg,dandruff,dandruff scalp flakes close up,dataset/concerns/dandruff/_raw/dandruff_scalp_flakes_close_up/000039.jpg
dandruff_0259_07ebecf26ecc9764.jpg,dandruff,dandruff scalp flakes close up,dataset/concerns/dandruff/_raw/dandruff_scalp_flakes_close_up/000112.jpg
dandruff_0260_5085f599d96da330.jpg,dandruff,dandruff scalp flakes close up,dataset/concerns/dandruff/_raw/dandruff_scalp_flakes_close_up/000102.jpg
dandruff_0261_fe613b3d6f5d4590.jpg,dandruff,dandruff scalp flakes close up,dataset/concerns/dandruff/_raw/dandruff_scalp_flakes_close_up/000114.jpg
dandruff_0262_e1644abf83a6a860.jpg,dandruff,dandruff scalp flakes close up,dataset/concerns/dandruff/_raw/dandruff_scalp_flakes_close_up/000190.jpg
dandruff_0263_a836bfb503f55231.jpg,dandruff,dandruff scalp flakes close up,dataset/concerns/dandruff/_raw/dandruff_scalp_flakes_close_up/000183.jpg
dandruff_0264_191884073061b0e4.jpg,dandruff,dandruff scalp flakes close up,dataset/concerns/dandruff/_raw/dandruff_scalp_flakes_close_up/000116.jpg
dandruff_0265_906a67741683bff0.jpg,dandruff,dandruff scalp flakes close up,dataset/concerns/dandruff/_raw/dandruff_scalp_flakes_close_up/000153.jpg
dandruff_0266_cc816e39aa564bc9.jpg,dandruff,dandruff scalp flakes close up,dataset/concerns/dandruff/_raw/dandruff_scalp_flakes_close_up/000159.jpg
dandruff_0267_5bb716787b39483e.jpg,dandruff,dandruff scalp flakes close up,dataset/concerns/dandruff/_raw/dandruff_scalp_flakes_close_up/000262.jpg
dandruff_0268_56827d2f04eeea8b.jpg,dandruff,dandruff scalp flakes close up,dataset/concerns/dandruff/_raw/dandruff_scalp_flakes_close_up/000242.jpg
dandruff_0269_ddc718c627a315cc.jpg,dandruff,dandruff scalp flakes close up,dataset/concerns/dandruff/_raw/dandruff_scalp_flakes_close_up/000248.jpg
dandruff_0270_29b910c32d7be2c2.jpg,dandruff,dandruff scalp flakes close up,dataset/concerns/dandruff/_raw/dandruff_scalp_flakes_close_up/000166.jpg
dandruff_0271_0b6ad03b98e2fb22.jpg,dandruff,dandruff scalp flakes close up,dataset/concerns/dandruff/_raw/dandruff_scalp_flakes_close_up/000076.jpg
dandruff_0272_ffc12ac40cb8f6c5.jpg,dandruff,dandruff scalp flakes close up,dataset/concerns/dandruff/_raw/dandruff_scalp_flakes_close_up/000162.jpg
dandruff_0273_22bad4212b30a866.jpg,dandruff,dandruff scalp flakes close up,dataset/concerns/dandruff/_raw/dandruff_scalp_flakes_close_up/000250.jpg
dandruff_0274_440fe4391e74d435.jpg,dandruff,dandruff scalp flakes close up,dataset/concerns/dandruff/_raw/dandruff_scalp_flakes_close_up/000054.jpg
dandruff_0275_45274e361cefbc28.jpg,dandruff,dandruff scalp flakes close up,dataset/concerns/dandruff/_raw/dandruff_scalp_flakes_close_up/000207.jpg
dandruff_0276_f8404aa38c905b38.jpg,dandruff,dandruff scalp flakes close up,dataset/concerns/dandruff/_raw/dandruff_scalp_flakes_close_up/000067.jpg
dandruff_0277_576e99b6ca07feee.jpg,dandruff,dandruff scalp flakes close up,dataset/concerns/dandruff/_raw/dandruff_scalp_flakes_close_up/000276.jpg
dandruff_0278_5993852d334daa00.jpg,dandruff,dandruff scalp flakes close up,dataset/concerns/dandruff/_raw/dandruff_scalp_flakes_close_up/000213.jpg
dandruff_0279_30ecc698a0fdfa50.jpg,dandruff,seborrheic scalp dandruff photo,dataset/concerns/dandruff/_raw/seborrheic_scalp_dandruff_photo/000124.jpg
dandruff_0280_068b02fe0f139b92.jpg,dandruff,seborrheic scalp dandruff photo,dataset/concerns/dandruff/_raw/seborrheic_scalp_dandruff_photo/000151.jpg
dandruff_0281_a10904eaf4f68694.jpg,dandruff,seborrheic scalp dandruff photo,dataset/concerns/dandruff/_raw/seborrheic_scalp_dandruff_photo/000050.jpg
dandruff_0282_777c2648f56334b2.jpg,dandruff,seborrheic scalp dandruff photo,dataset/concerns/dandruff/_raw/seborrheic_scalp_dandruff_photo/000055.jpg
dandruff_0283_eaf91ac401123da7.jpg,dandruff,seborrheic scalp dandruff photo,dataset/concerns/dandruff/_raw/seborrheic_scalp_dandruff_photo/000024.jpg
dandruff_0284_ed8d8e9beacfd09c.jpg,dandruff,seborrheic scalp dandruff photo,dataset/concerns/dandruff/_raw/seborrheic_scalp_dandruff_photo/000107.jpg
dandruff_0285_9e7fef6d9b445af1.jpg,dandruff,seborrheic scalp dandruff photo,dataset/concerns/dandruff/_raw/seborrheic_scalp_dandruff_photo/000020.jpg
dandruff_0286_da1fedafe4259001.jpg,dandruff,seborrheic scalp dandruff photo,dataset/concerns/dandruff/_raw/seborrheic_scalp_dandruff_photo/000199.jpg
dandruff_0287_a73d0a6630ff059d.jpg,dandruff,seborrheic scalp dandruff photo,dataset/concerns/dandruff/_raw/seborrheic_scalp_dandruff_photo/000098.jpg
dandruff_0288_c5682c23326a0602.jpg,dandruff,seborrheic scalp dandruff photo,dataset/concerns/dandruff/_raw/seborrheic_scalp_dandruff_photo/000174.jpg
dandruff_0289_cfeea248ee0c5707.jpg,dandruff,seborrheic scalp dandruff photo,dataset/concerns/dandruff/_raw/seborrheic_scalp_dandruff_photo/000068.jpg
dandruff_0290_7989f8b74c061b82.jpg,dandruff,seborrheic scalp dandruff photo,dataset/concerns/dandruff/_raw/seborrheic_scalp_dandruff_photo/000072.jpg
dandruff_0291_ffe2cae5bbf99f85.jpg,dandruff,seborrheic scalp dandruff photo,dataset/concerns/dandruff/_raw/seborrheic_scalp_dandruff_photo/000117.jpg
dandruff_0292_1ea8bd4f2f884f2e.jpg,dandruff,seborrheic scalp dandruff photo,dataset/concerns/dandruff/_raw/seborrheic_scalp_dandruff_photo/000154.jpg
dandruff_0293_115fbdf2ca284e56.jpg,dandruff,seborrheic scalp dandruff photo,dataset/concerns/dandruff/_raw/seborrheic_scalp_dandruff_photo/000192.jpg
dandruff_0294_87e9aa7d4dc9e77f.jpg,dandruff,seborrheic scalp dandruff photo,dataset/concerns/dandruff/_raw/seborrheic_scalp_dandruff_photo/000208.jpg
dandruff_0295_6f9bb6be8fd35b6e.jpg,dandruff,seborrheic scalp dandruff photo,dataset/concerns/dandruff/_raw/seborrheic_scalp_dandruff_photo/000071.jpg
dandruff_0296_8a452bad0c6eaebb.jpg,dandruff,seborrheic scalp dandruff photo,dataset/concerns/dandruff/_raw/seborrheic_scalp_dandruff_photo/000163.jpg
dandruff_0297_9107ad5c3509cfab.jpg,dandruff,seborrheic scalp dandruff photo,dataset/concerns/dandruff/_raw/seborrheic_scalp_dandruff_photo/000204.jpg
dandruff_0298_b5671c8af7887f4d.jpg,dandruff,seborrheic scalp dandruff photo,dataset/concerns/dandruff/_raw/seborrheic_scalp_dandruff_photo/000182.jpg
dandruff_0299_e654eb85058bdfad.jpg,dandruff,seborrheic scalp dandruff photo,dataset/concerns/dandruff/_raw/seborrheic_scalp_dandruff_photo/000136.jpg
dandruff_0300_d2c4e70080aa7ce2.jpg,dandruff,seborrheic scalp dandruff photo,dataset/concerns/dandruff/_raw/seborrheic_scalp_dandruff_photo/000166.jpg
dandruff_0301_fb51ab6a16b2744c.jpg,dandruff,seborrheic scalp dandruff photo,dataset/concerns/dandruff/_raw/seborrheic_scalp_dandruff_photo/000081.jpg
dandruff_0302_dbffc5e61df52ae9.jpg,dandruff,seborrheic scalp dandruff photo,dataset/concerns/dandruff/_raw/seborrheic_scalp_dandruff_photo/000167.jpg
dandruff_0303_89791090579f72b9.jpg,dandruff,seborrheic scalp dandruff photo,dataset/concerns/dandruff/_raw/seborrheic_scalp_dandruff_photo/000143.jpg
dandruff_0304_d4fbd3ee643d204f.jpg,dandruff,seborrheic scalp dandruff photo,dataset/concerns/dandruff/_raw/seborrheic_scalp_dandruff_photo/000176.jpg
dandruff_0305_5133d9cc524f4bfc.jpg,dandruff,seborrheic scalp dandruff photo,dataset/concerns/dandruff/_raw/seborrheic_scalp_dandruff_photo/000225.jpg
dandruff_0306_0e0a1ec2503ef1c0.jpg,dandruff,seborrheic scalp dandruff photo,dataset/concerns/dandruff/_raw/seborrheic_scalp_dandruff_photo/000202.jpg
dandruff_0307_78bc7b90f8d3955a.jpg,dandruff,seborrheic scalp dandruff photo,dataset/concerns/dandruff/_raw/seborrheic_scalp_dandruff_photo/000224.jpg
dandruff_0308_34bf8307a2431dc8.jpg,dandruff,seborrheic scalp dandruff photo,dataset/concerns/dandruff/_raw/seborrheic_scalp_dandruff_photo/000109.jpg
dandruff_0309_ba3fc1307e0dec4e.jpg,dandruff,seborrheic scalp dandruff photo,dataset/concerns/dandruff/_raw/seborrheic_scalp_dandruff_photo/000066.jpg
dandruff_0310_839b62a65b1a62e3.jpg,dandruff,seborrheic scalp dandruff photo,dataset/concerns/dandruff/_raw/seborrheic_scalp_dandruff_photo/000094.jpg
dandruff_0311_2a7c4a26e4d55dc1.jpg,dandruff,seborrheic scalp dandruff photo,dataset/concerns/dandruff/_raw/seborrheic_scalp_dandruff_photo/000028.jpg
dandruff_0312_3b80daaf53202ef3.jpg,dandruff,seborrheic scalp dandruff photo,dataset/concerns/dandruff/_raw/seborrheic_scalp_dandruff_photo/000186.jpg
dandruff_0313_30deabe5071c36c1.jpg,dandruff,seborrheic scalp dandruff photo,dataset/concerns/dandruff/_raw/seborrheic_scalp_dandruff_photo/000010.jpg
dandruff_0314_30fe3372263fb10f.jpg,dandruff,seborrheic scalp dandruff photo,dataset/concerns/dandruff/_raw/seborrheic_scalp_dandruff_photo/000209.jpg
dandruff_0315_273c34c4e86a011a.jpg,dandruff,seborrheic scalp dandruff photo,dataset/concerns/dandruff/_raw/seborrheic_scalp_dandruff_photo/000179.jpg
dandruff_0316_632964ea55c2b714.jpg,dandruff,seborrheic scalp dandruff photo,dataset/concerns/dandruff/_raw/seborrheic_scalp_dandruff_photo/000075.jpg
dandruff_0317_c6d743b9d7aedcb6.jpg,dandruff,seborrheic scalp dandruff photo,dataset/concerns/dandruff/_raw/seborrheic_scalp_dandruff_photo/000054.jpg
dandruff_0318_6bb08c5f17a49bed.jpg,dandruff,seborrheic scalp dandruff photo,dataset/concerns/dandruff/_raw/seborrheic_scalp_dandruff_photo/000110.jpg
dandruff_0319_d8756814aaa21560.jpg,dandruff,seborrheic scalp dandruff photo,dataset/concerns/dandruff/_raw/seborrheic_scalp_dandruff_photo/000031.jpg
dandruff_0320_12545c8a03a8858e.jpg,dandruff,seborrheic scalp dandruff photo,dataset/concerns/dandruff/_raw/seborrheic_scalp_dandruff_photo/000025.jpg
dandruff_0321_23576d0109d89ef1.jpg,dandruff,seborrheic scalp dandruff photo,dataset/concerns/dandruff/_raw/seborrheic_scalp_dandruff_photo/000171.jpg
dandruff_0322_70aef1a3b1e682e9.jpg,dandruff,seborrheic scalp dandruff photo,dataset/concerns/dandruff/_raw/seborrheic_scalp_dandruff_photo/000042.jpg
dandruff_0323_48b7c0d2fecfa952.jpg,dandruff,seborrheic scalp dandruff photo,dataset/concerns/dandruff/_raw/seborrheic_scalp_dandruff_photo/000009.jpg
dandruff_0324_bb663ae389c8e477.jpg,dandruff,seborrheic scalp dandruff photo,dataset/concerns/dandruff/_raw/seborrheic_scalp_dandruff_photo/000196.jpg
dandruff_0325_d594da031dfe522c.jpg,dandruff,seborrheic scalp dandruff photo,dataset/concerns/dandruff/_raw/seborrheic_scalp_dandruff_photo/000170.jpg
dandruff_0326_2e306d6e336d8d0a.jpg,dandruff,seborrheic scalp dandruff photo,dataset/concerns/dandruff/_raw/seborrheic_scalp_dandruff_photo/000195.jpg
dandruff_0327_51aced9e0ade2475.jpg,dandruff,seborrheic scalp dandruff photo,dataset/concerns/dandruff/_raw/seborrheic_scalp_dandruff_photo/000076.jpg
dandruff_0328_ed86a11776cb2bfa.jpg,dandruff,seborrheic scalp dandruff photo,dataset/concerns/dandruff/_raw/seborrheic_scalp_dandruff_photo/000057.jpg
dandruff_0329_1ef55be5ddb8b93d.jpg,dandruff,seborrheic scalp dandruff photo,dataset/concerns/dandruff/_raw/seborrheic_scalp_dandruff_photo/000125.jpg
dandruff_0330_89e71a9b06441faf.jpg,dandruff,seborrheic scalp dandruff photo,dataset/concerns/dandruff/_raw/seborrheic_scalp_dandruff_photo/000122.jpg
dandruff_0331_88787221826d9916.jpg,dandruff,seborrheic scalp dandruff photo,dataset/concerns/dandruff/_raw/seborrheic_scalp_dandruff_photo/000093.jpg
dandruff_0332_19ce70e9d1662950.jpg,dandruff,seborrheic scalp dandruff photo,dataset/concerns/dandruff/_raw/seborrheic_scalp_dandruff_photo/000118.jpg
dandruff_0333_9f84775e18e19f50.jpg,dandruff,seborrheic scalp dandruff photo,dataset/concerns/dandruff/_raw/seborrheic_scalp_dandruff_photo/000142.jpg
dandruff_0334_0d9cdd1c7ac744e4.jpg,dandruff,seborrheic scalp dandruff photo,dataset/concerns/dandruff/_raw/seborrheic_scalp_dandruff_photo/000106.jpg
dandruff_0335_4a1addb9b7686d90.jpg,dandruff,seborrheic scalp dandruff photo,dataset/concerns/dandruff/_raw/seborrheic_scalp_dandruff_photo/000077.jpg
dandruff_0336_84086b23cac4734a.jpg,dandruff,seborrheic scalp dandruff photo,dataset/concerns/dandruff/_raw/seborrheic_scalp_dandruff_photo/000218.jpg
dandruff_0337_9def5741594754e4.jpg,dandruff,seborrheic scalp dandruff photo,dataset/concerns/dandruff/_raw/seborrheic_scalp_dandruff_photo/000188.jpg
dandruff_0338_84999de2e4f33391.jpg,dandruff,seborrheic scalp dandruff photo,dataset/concerns/dandruff/_raw/seborrheic_scalp_dandruff_photo/000135.jpg
dandruff_0339_af8697f573eb7b43.jpg,dandruff,seborrheic scalp dandruff photo,dataset/concerns/dandruff/_raw/seborrheic_scalp_dandruff_photo/000032.jpg
dandruff_0340_585afa3ed8479e77.jpg,dandruff,seborrheic scalp dandruff photo,dataset/concerns/dandruff/_raw/seborrheic_scalp_dandruff_photo/000178.jpg
dandruff_0341_2f372334460ec7de.jpg,dandruff,seborrheic scalp dandruff photo,dataset/concerns/dandruff/_raw/seborrheic_scalp_dandruff_photo/000207.jpg
dandruff_0342_f2c3cfbce392b722.jpg,dandruff,seborrheic scalp dandruff photo,dataset/concerns/dandruff/_raw/seborrheic_scalp_dandruff_photo/000073.jpg
dandruff_0343_aa72870f6fab19a4.jpg,dandruff,seborrheic scalp dandruff photo,dataset/concerns/dandruff/_raw/seborrheic_scalp_dandruff_photo/000144.jpg
dandruff_0344_e184340e15cb9ce8.jpg,dandruff,seborrheic scalp dandruff photo,dataset/concerns/dandruff/_raw/seborrheic_scalp_dandruff_photo/000210.jpg
dandruff_0345_046b70dfafe44784.jpg,dandruff,seborrheic scalp dandruff photo,dataset/concerns/dandruff/_raw/seborrheic_scalp_dandruff_photo/000127.jpg
dandruff_0346_67fe50c2aa8683f5.jpg,dandruff,seborrheic scalp dandruff photo,dataset/concerns/dandruff/_raw/seborrheic_scalp_dandruff_photo/000161.jpg
dandruff_0347_a63d2062bc66eec5.jpg,dandruff,seborrheic scalp dandruff photo,dataset/concerns/dandruff/_raw/seborrheic_scalp_dandruff_photo/000217.jpg
dandruff_0348_49d1b0082c37fbac.jpg,dandruff,seborrheic scalp dandruff photo,dataset/concerns/dandruff/_raw/seborrheic_scalp_dandruff_photo/000012.jpg
dandruff_0349_e0f781e4c1eb12d0.jpg,dandruff,seborrheic scalp dandruff photo,dataset/concerns/dandruff/_raw/seborrheic_scalp_dandruff_photo/000040.jpg
dandruff_0350_044f8212ffc5d158.jpg,dandruff,seborrheic scalp dandruff photo,dataset/concerns/dandruff/_raw/seborrheic_scalp_dandruff_photo/000090.jpg
dandruff_0351_709ead87fcbd1dd3.jpg,dandruff,seborrheic scalp dandruff photo,dataset/concerns/dandruff/_raw/seborrheic_scalp_dandruff_photo/000138.jpg
dandruff_0352_8ea6e666b5368929.jpg,dandruff,seborrheic scalp dandruff photo,dataset/concerns/dandruff/_raw/seborrheic_scalp_dandruff_photo/000187.jpg
dandruff_0353_e8b2c06967ef671d.jpg,dandruff,seborrheic scalp dandruff photo,dataset/concerns/dandruff/_raw/seborrheic_scalp_dandruff_photo/000148.jpg
dandruff_0354_d1b75335cd9f7de7.jpg,dandruff,seborrheic scalp dandruff photo,dataset/concerns/dandruff/_raw/seborrheic_scalp_dandruff_photo/000181.jpg
dandruff_0355_9cefc4d010484741.jpg,dandruff,seborrheic scalp dandruff photo,dataset/concerns/dandruff/_raw/seborrheic_scalp_dandruff_photo/000150.jpg
dandruff_0356_6a5767866652f0c0.jpg,dandruff,seborrheic scalp dandruff photo,dataset/concerns/dandruff/_raw/seborrheic_scalp_dandruff_photo/000152.jpg
dandruff_0357_8eb1dd9e36196bbd.jpg,dandruff,seborrheic scalp dandruff photo,dataset/concerns/dandruff/_raw/seborrheic_scalp_dandruff_photo/000060.jpg
dandruff_0358_31e44de0e288e87e.jpg,dandruff,seborrheic scalp dandruff photo,dataset/concerns/dandruff/_raw/seborrheic_scalp_dandruff_photo/000115.jpg
dandruff_0359_7b848a96ea6ec41f.jpg,dandruff,seborrheic scalp dandruff photo,dataset/concerns/dandruff/_raw/seborrheic_scalp_dandruff_photo/000160.jpg
dandruff_0360_5eded17a9b1650b8.jpg,dandruff,seborrheic scalp dandruff photo,dataset/concerns/dandruff/_raw/seborrheic_scalp_dandruff_photo/000149.jpg
dandruff_0361_5085f599d96da330.jpg,dandruff,seborrheic scalp dandruff photo,dataset/concerns/dandruff/_raw/seborrheic_scalp_dandruff_photo/000157.jpg
dandruff_0362_8c1fe794ca2a0d1f.jpg,dandruff,seborrheic scalp dandruff photo,dataset/concerns/dandruff/_raw/seborrheic_scalp_dandruff_photo/000221.jpg
dandruff_0363_0878a4dfef0c9b5c.jpg,dandruff,seborrheic scalp dandruff photo,dataset/concerns/dandruff/_raw/seborrheic_scalp_dandruff_photo/000095.jpg
dandruff_0364_5841615b7666b5e1.jpg,dandruff,seborrheic scalp dandruff photo,dataset/concerns/dandruff/_raw/seborrheic_scalp_dandruff_photo/000097.jpg
dandruff_0365_f090fe60527be300.jpg,dandruff,seborrheic scalp dandruff photo,dataset/concerns/dandruff/_raw/seborrheic_scalp_dandruff_photo/000036.jpg
dandruff_0366_4e8da3dec4bba0c9.jpg,dandruff,seborrheic scalp dandruff photo,dataset/concerns/dandruff/_raw/seborrheic_scalp_dandruff_photo/000047.jpg
dandruff_0367_e1844c6fb03cdf73.jpg,dandruff,seborrheic scalp dandruff photo,dataset/concerns/dandruff/_raw/seborrheic_scalp_dandruff_photo/000119.jpg
dandruff_0368_ae12e7be900c68e5.jpg,dandruff,seborrheic scalp dandruff photo,dataset/concerns/dandruff/_raw/seborrheic_scalp_dandruff_photo/000158.jpg
dandruff_0369_beb203aa33395752.jpg,dandruff,seborrheic scalp dandruff photo,dataset/concerns/dandruff/_raw/seborrheic_scalp_dandruff_photo/000089.jpg
dandruff_0370_19bea42dc9ccf71e.jpg,dandruff,seborrheic scalp dandruff photo,dataset/concerns/dandruff/_raw/seborrheic_scalp_dandruff_photo/000194.jpg
dandruff_0371_1406184dc028a177.jpg,dandruff,seborrheic scalp dandruff photo,dataset/concerns/dandruff/_raw/seborrheic_scalp_dandruff_photo/000103.jpg
dandruff_0372_1b317ce08dd13698.jpg,dandruff,seborrheic scalp dandruff photo,dataset/concerns/dandruff/_raw/seborrheic_scalp_dandruff_photo/000159.jpg
dandruff_0373_864845c1ceef771b.jpg,dandruff,seborrheic scalp dandruff photo,dataset/concerns/dandruff/_raw/seborrheic_scalp_dandruff_photo/000030.jpg
dandruff_0374_b22937165f832211.jpg,dandruff,seborrheic scalp dandruff photo,dataset/concerns/dandruff/_raw/seborrheic_scalp_dandruff_photo/000139.jpg
dandruff_0375_606d5f58f1df4003.jpg,dandruff,seborrheic scalp dandruff photo,dataset/concerns/dandruff/_raw/seborrheic_scalp_dandruff_photo/000130.jpg
dandruff_0376_9ae60b52366082f2.jpg,dandruff,seborrheic scalp dandruff photo,dataset/concerns/dandruff/_raw/seborrheic_scalp_dandruff_photo/000128.jpg
dandruff_0377_833817661e3e1247.jpg,dandruff,seborrheic scalp dandruff photo,dataset/concerns/dandruff/_raw/seborrheic_scalp_dandruff_photo/000007.jpg
dandruff_0378_2f06ff0cceca1a46.jpg,dandruff,seborrheic scalp dandruff photo,dataset/concerns/dandruff/_raw/seborrheic_scalp_dandruff_photo/000153.jpg
dandruff_0379_c605888e217e1af6.jpg,dandruff,seborrheic scalp dandruff photo,dataset/concerns/dandruff/_raw/seborrheic_scalp_dandruff_photo/000147.jpg
dandruff_0380_4882fd832db8eec4.jpg,dandruff,seborrheic scalp dandruff photo,dataset/concerns/dandruff/_raw/seborrheic_scalp_dandruff_photo/000198.jpg
dandruff_0381_e73d3a117c5d4867.jpg,dandruff,seborrheic scalp dandruff photo,dataset/concerns/dandruff/_raw/seborrheic_scalp_dandruff_photo/000074.jpg
dandruff_0382_66a8bb0afce0b9fe.jpg,dandruff,seborrheic scalp dandruff photo,dataset/concerns/dandruff/_raw/seborrheic_scalp_dandruff_photo/000155.jpg
dandruff_0383_b0058531cb53b68d.jpg,dandruff,seborrheic scalp dandruff photo,dataset/concerns/dandruff/_raw/seborrheic_scalp_dandruff_photo/000006.jpg
dandruff_0384_63eb220ac7ce97d6.jpg,dandruff,seborrheic scalp dandruff photo,dataset/concerns/dandruff/_raw/seborrheic_scalp_dandruff_photo/000027.jpg
dandruff_0385_bc77b0fceb43ddd0.jpg,dandruff,seborrheic scalp dandruff photo,dataset/concerns/dandruff/_raw/seborrheic_scalp_dandruff_photo/000088.jpg
dandruff_0386_e01269c4d345c6cb.jpg,dandruff,seborrheic scalp dandruff photo,dataset/concerns/dandruff/_raw/seborrheic_scalp_dandruff_photo/000140.jpg
dandruff_0387_a88c1058d594a288.jpg,dandruff,seborrheic scalp dandruff photo,dataset/concerns/dandruff/_raw/seborrheic_scalp_dandruff_photo/000129.jpg
dandruff_0388_7d2a0fa1c297bd21.jpg,dandruff,seborrheic scalp dandruff photo,dataset/concerns/dandruff/_raw/seborrheic_scalp_dandruff_photo/000156.jpg
dandruff_0389_f1b2c127f5706d35.jpg,dandruff,seborrheic scalp dandruff photo,dataset/concerns/dandruff/_raw/seborrheic_scalp_dandruff_photo/000189.jpg
dandruff_0390_156eb129701e85bd.jpg,dandruff,seborrheic scalp dandruff photo,dataset/concerns/dandruff/_raw/seborrheic_scalp_dandruff_photo/000038.jpg
dandruff_0391_9c4ef61ca023eac5.jpg,dandruff,seborrheic scalp dandruff photo,dataset/concerns/dandruff/_raw/seborrheic_scalp_dandruff_photo/000049.jpg
dandruff_0392_6df62dadc8ac3bc7.jpg,dandruff,seborrheic scalp dandruff photo,dataset/concerns/dandruff/_raw/seborrheic_scalp_dandruff_photo/000086.jpg
dandruff_0393_5923126cf62a6563.jpg,dandruff,seborrheic scalp dandruff photo,dataset/concerns/dandruff/_raw/seborrheic_scalp_dandruff_photo/000172.jpg
dandruff_0394_3e02ca87fdc40f90.jpg,dandruff,seborrheic scalp dandruff photo,dataset/concerns/dandruff/_raw/seborrheic_scalp_dandruff_photo/000037.jpg
dandruff_0395_3b5a6eb73d243b51.jpg,dandruff,seborrheic scalp dandruff photo,dataset/concerns/dandruff/_raw/seborrheic_scalp_dandruff_photo/000067.jpg
dandruff_0396_59bfce233c0f3e48.jpg,dandruff,seborrheic scalp dandruff photo,dataset/concerns/dandruff/_raw/seborrheic_scalp_dandruff_photo/000145.jpg
dandruff_0397_f5f1b1e0bfcdffae.jpg,dandruff,seborrheic scalp dandruff photo,dataset/concerns/dandruff/_raw/seborrheic_scalp_dandruff_photo/000165.jpg
dandruff_0398_849df4abb56723dc.jpg,dandruff,seborrheic scalp dandruff photo,dataset/concerns/dandruff/_raw/seborrheic_scalp_dandruff_photo/000116.jpg
dandruff_0399_a94fdeb0b6d26178.jpg,dandruff,seborrheic scalp dandruff photo,dataset/concerns/dandruff/_raw/seborrheic_scalp_dandruff_photo/000162.jpg
dandruff_0400_ff3a7da58b0257cd.jpg,dandruff,seborrheic scalp dandruff photo,dataset/concerns/dandruff/_raw/seborrheic_scalp_dandruff_photo/000146.jpg
dandruff_0401_a5184724712e8249.jpg,dandruff,seborrheic scalp dandruff photo,dataset/concerns/dandruff/_raw/seborrheic_scalp_dandruff_photo/000226.jpg
dandruff_0402_128ca1a1eeb2d94f.jpg,dandruff,seborrheic scalp dandruff photo,dataset/concerns/dandruff/_raw/seborrheic_scalp_dandruff_photo/000002.jpg
dandruff_0403_c260caf0d2cdd7d3.jpg,dandruff,seborrheic scalp dandruff photo,dataset/concerns/dandruff/_raw/seborrheic_scalp_dandruff_photo/000051.jpg
dandruff_0404_0246b2d32406b329.jpg,dandruff,seborrheic scalp dandruff photo,dataset/concerns/dandruff/_raw/seborrheic_scalp_dandruff_photo/000180.jpg
dandruff_0405_d23e1d973656733e.jpg,dandruff,seborrheic scalp dandruff photo,dataset/concerns/dandruff/_raw/seborrheic_scalp_dandruff_photo/000062.jpg
dandruff_0406_f60ce78603f95bc2.jpg,dandruff,seborrheic scalp dandruff photo,dataset/concerns/dandruff/_raw/seborrheic_scalp_dandruff_photo/000126.jpg
dandruff_0407_49d6156608a591b3.jpg,dandruff,seborrheic scalp dandruff photo,dataset/concerns/dandruff/_raw/seborrheic_scalp_dandruff_photo/000045.jpg
dandruff_0408_4f36b4a55e114205.jpg,dandruff,seborrheic scalp dandruff photo,dataset/concerns/dandruff/_raw/seborrheic_scalp_dandruff_photo/000096.jpg
dandruff_0409_d3758291955da533.jpg,dandruff,seborrheic scalp dandruff photo,dataset/concerns/dandruff/_raw/seborrheic_scalp_dandruff_photo/000123.jpg
dandruff_0410_aec239372c60dc95.jpg,dandruff,seborrheic scalp dandruff photo,dataset/concerns/dandruff/_raw/seborrheic_scalp_dandruff_photo/000131.jpg
dandruff_0411_742e94dd55c14a97.jpg,dandruff,seborrheic scalp dandruff photo,dataset/concerns/dandruff/_raw/seborrheic_scalp_dandruff_photo/000079.jpg
dandruff_0412_57694dfb8ec5f54a.jpg,dandruff,seborrheic scalp dandruff photo,dataset/concerns/dandruff/_raw/seborrheic_scalp_dandruff_photo/000041.jpg
dandruff_0413_e2c18a828554b9b3.jpg,dandruff,seborrheic scalp dandruff photo,dataset/concerns/dandruff/_raw/seborrheic_scalp_dandruff_photo/000056.jpg
dandruff_0414_4841fc9367dc48f9.jpg,dandruff,seborrheic scalp dandruff photo,dataset/concerns/dandruff/_raw/seborrheic_scalp_dandruff_photo/000184.jpg
dandruff_0415_024dcb312b8cdf3f.jpg,dandruff,seborrheic scalp dandruff photo,dataset/concerns/dandruff/_raw/seborrheic_scalp_dandruff_photo/000083.jpg
dandruff_0416_d4514c37bfd3a487.jpg,dandruff,seborrheic scalp dandruff photo,dataset/concerns/dandruff/_raw/seborrheic_scalp_dandruff_photo/000043.jpg
dandruff_0417_ac9b20de39c48e84.jpg,dandruff,seborrheic scalp dandruff photo,dataset/concerns/dandruff/_raw/seborrheic_scalp_dandruff_photo/000191.jpg
dandruff_0418_acdb21a6f5b38d82.jpg,dandruff,seborrheic scalp dandruff photo,dataset/concerns/dandruff/_raw/seborrheic_scalp_dandruff_photo/000085.jpg
dandruff_0419_f36f9e3e0d2c5885.jpg,dandruff,seborrheic scalp dandruff photo,dataset/concerns/dandruff/_raw/seborrheic_scalp_dandruff_photo/000177.jpg
dandruff_0420_bc021906c944d70c.jpg,dandruff,seborrheic scalp dandruff photo,dataset/concerns/dandruff/_raw/seborrheic_scalp_dandruff_photo/000100.jpg
dandruff_0421_e183aa582f97f3b7.jpg,dandruff,seborrheic scalp dandruff photo,dataset/concerns/dandruff/_raw/seborrheic_scalp_dandruff_photo/000120.jpg
dandruff_0422_89f6eaca8dbdba08.jpg,dandruff,seborrheic scalp dandruff photo,dataset/concerns/dandruff/_raw/seborrheic_scalp_dandruff_photo/000183.jpg
dandruff_0423_b2c8b5c51b84cc6c.jpg,dandruff,seborrheic scalp dandruff photo,dataset/concerns/dandruff/_raw/seborrheic_scalp_dandruff_photo/000014.jpg
dandruff_0424_25732602fb0c3175.jpg,dandruff,seborrheic scalp dandruff photo,dataset/concerns/dandruff/_raw/seborrheic_scalp_dandruff_photo/000013.jpg
dandruff_0425_490dad4521a56c69.jpg,dandruff,seborrheic scalp dandruff photo,dataset/concerns/dandruff/_raw/seborrheic_scalp_dandruff_photo/000141.jpg
dandruff_0426_1a8ee5aa590b719f.jpg,dandruff,seborrheic scalp dandruff photo,dataset/concerns/dandruff/_raw/seborrheic_scalp_dandruff_photo/000222.jpg
dandruff_0427_03df2654315be1fb.jpg,dandruff,seborrheic scalp dandruff photo,dataset/concerns/dandruff/_raw/seborrheic_scalp_dandruff_photo/000197.jpg
dandruff_0428_eff1d42e478be0d2.jpg,dandruff,seborrheic scalp dandruff photo,dataset/concerns/dandruff/_raw/seborrheic_scalp_dandruff_photo/000046.jpg
dandruff_0429_5984d9548a5ba4e7.jpg,dandruff,seborrheic scalp dandruff photo,dataset/concerns/dandruff/_raw/seborrheic_scalp_dandruff_photo/000228.jpg
dandruff_0430_310743a1c3b10062.jpg,dandruff,seborrheic scalp dandruff photo,dataset/concerns/dandruff/_raw/seborrheic_scalp_dandruff_photo/000017.jpg
dandruff_0431_e7a5df727fd720a7.jpg,dandruff,seborrheic scalp dandruff photo,dataset/concerns/dandruff/_raw/seborrheic_scalp_dandruff_photo/000173.jpg
dandruff_0432_325d54d4b3c76ca2.jpg,dandruff,seborrheic scalp dandruff photo,dataset/concerns/dandruff/_raw/seborrheic_scalp_dandruff_photo/000063.jpg
dandruff_0433_9e412c89d2313c42.jpg,dandruff,seborrheic scalp dandruff photo,dataset/concerns/dandruff/_raw/seborrheic_scalp_dandruff_photo/000200.jpg
dandruff_0434_f1bac9fdc391476a.jpg,dandruff,seborrheic scalp dandruff photo,dataset/concerns/dandruff/_raw/seborrheic_scalp_dandruff_photo/000134.jpg
dandruff_0435_c9910bf1f100fa7b.jpg,dandruff,seborrheic scalp dandruff photo,dataset/concerns/dandruff/_raw/seborrheic_scalp_dandruff_photo/000211.jpg
dandruff_0436_905d1fc8d8e75b01.jpg,dandruff,seborrheic scalp dandruff photo,dataset/concerns/dandruff/_raw/seborrheic_scalp_dandruff_photo/000029.jpg
dandruff_0437_46547a8604e5e53a.jpg,dandruff,seborrheic scalp dandruff photo,dataset/concerns/dandruff/_raw/seborrheic_scalp_dandruff_photo/000059.jpg
dandruff_0438_e89cac515599af9e.jpg,dandruff,seborrheic scalp dandruff photo,dataset/concerns/dandruff/_raw/seborrheic_scalp_dandruff_photo/000011.jpg
dandruff_0439_334239cdcb64893d.jpg,dandruff,seborrheic scalp dandruff photo,dataset/concerns/dandruff/_raw/seborrheic_scalp_dandruff_photo/000104.jpg
dandruff_0440_2981919940ae88b1.jpg,dandruff,seborrheic scalp dandruff photo,dataset/concerns/dandruff/_raw/seborrheic_scalp_dandruff_photo/000048.jpg
dandruff_0441_9e0edd5406fbf334.jpg,dandruff,seborrheic scalp dandruff photo,dataset/concerns/dandruff/_raw/seborrheic_scalp_dandruff_photo/000005.jpg
dandruff_0442_bc7ae5a166fb02de.jpg,dandruff,seborrheic scalp dandruff photo,dataset/concerns/dandruff/_raw/seborrheic_scalp_dandruff_photo/000219.jpg
dandruff_0443_d196af9ac5e4253d.jpg,dandruff,seborrheic scalp dandruff photo,dataset/concerns/dandruff/_raw/seborrheic_scalp_dandruff_photo/000169.jpg
dandruff_0444_097a5252fd3a97eb.jpg,dandruff,seborrheic scalp dandruff photo,dataset/concerns/dandruff/_raw/seborrheic_scalp_dandruff_photo/000021.jpg
dandruff_0445_fe4fdee477c1752a.jpg,dandruff,seborrheic scalp dandruff photo,dataset/concerns/dandruff/_raw/seborrheic_scalp_dandruff_photo/000044.jpg
dandruff_0446_ea7c4f8a9f0ab94d.jpg,dandruff,seborrheic scalp dandruff photo,dataset/concerns/dandruff/_raw/seborrheic_scalp_dandruff_photo/000164.jpg
dandruff_0447_ff3c81e3687f5bdb.jpg,dandruff,seborrheic scalp dandruff photo,dataset/concerns/dandruff/_raw/seborrheic_scalp_dandruff_photo/000070.jpg
dandruff_0448_71d7357a823473b9.jpg,dandruff,seborrheic scalp dandruff photo,dataset/concerns/dandruff/_raw/seborrheic_scalp_dandruff_photo/000229.jpg
dandruff_0449_83b224b347121f3f.jpg,dandruff,seborrheic scalp dandruff photo,dataset/concerns/dandruff/_raw/seborrheic_scalp_dandruff_photo/000216.jpg
dandruff_0450_52450fd8ee86a66e.jpg,dandruff,seborrheic scalp dandruff photo,dataset/concerns/dandruff/_raw/seborrheic_scalp_dandruff_photo/000108.jpg
dandruff_0451_5297ef92979bd9f5.jpg,dandruff,seborrheic scalp dandruff photo,dataset/concerns/dandruff/_raw/seborrheic_scalp_dandruff_photo/000026.jpg
dandruff_0452_6d2a16980f1e741f.jpg,dandruff,seborrheic scalp dandruff photo,dataset/concerns/dandruff/_raw/seborrheic_scalp_dandruff_photo/000065.jpg
dandruff_0453_b539186d22021c5e.jpg,dandruff,seborrheic scalp dandruff photo,dataset/concerns/dandruff/_raw/seborrheic_scalp_dandruff_photo/000111.jpg
dandruff_0454_358facf492ec91e5.jpg,dandruff,seborrheic scalp dandruff photo,dataset/concerns/dandruff/_raw/seborrheic_scalp_dandruff_photo/000084.jpg
dandruff_0455_1a1469c5914bec7f.jpg,dandruff,seborrheic scalp dandruff photo,dataset/concerns/dandruff/_raw/seborrheic_scalp_dandruff_photo/000034.jpg
dandruff_0456_206219679756d1ce.jpg,dandruff,seborrheic scalp dandruff photo,dataset/concerns/dandruff/_raw/seborrheic_scalp_dandruff_photo/000215.jpg
dandruff_0457_cae864cab3c8c13b.jpg,dandruff,seborrheic scalp dandruff photo,dataset/concerns/dandruff/_raw/seborrheic_scalp_dandruff_photo/000092.jpg
dandruff_0458_c5c2b148130d415b.jpg,dandruff,seborrheic scalp dandruff photo,dataset/concerns/dandruff/_raw/seborrheic_scalp_dandruff_photo/000087.jpg
dandruff_0459_bfbae3c6f33feb63.jpg,dandruff,seborrheic scalp dandruff photo,dataset/concerns/dandruff/_raw/seborrheic_scalp_dandruff_photo/000058.jpg
dandruff_0460_7783acdd0124de41.jpg,dandruff,seborrheic scalp dandruff photo,dataset/concerns/dandruff/_raw/seborrheic_scalp_dandruff_photo/000015.jpg
dandruff_0461_af5db6590ce51506.jpg,dandruff,seborrheic scalp dandruff photo,dataset/concerns/dandruff/_raw/seborrheic_scalp_dandruff_photo/000022.jpg
dandruff_0462_b9d155017b83dacd.jpg,dandruff,seborrheic scalp dandruff photo,dataset/concerns/dandruff/_raw/seborrheic_scalp_dandruff_photo/000008.jpg
dandruff_0463_0490815059731b6c.jpg,dandruff,seborrheic scalp dandruff photo,dataset/concerns/dandruff/_raw/seborrheic_scalp_dandruff_photo/000069.jpg
dandruff_0464_8a726765d38a35d4.jpg,dandruff,seborrheic scalp dandruff photo,dataset/concerns/dandruff/_raw/seborrheic_scalp_dandruff_photo/000205.jpg
dandruff_0465_0e9e4e226234abd2.jpg,dandruff,seborrheic scalp dandruff photo,dataset/concerns/dandruff/_raw/seborrheic_scalp_dandruff_photo/000113.jpg
dandruff_0466_70e325785877663c.jpg,dandruff,seborrheic scalp dandruff photo,dataset/concerns/dandruff/_raw/seborrheic_scalp_dandruff_photo/000003.jpg
dandruff_0467_2b31e12b6146754c.jpg,dandruff,seborrheic scalp dandruff photo,dataset/concerns/dandruff/_raw/seborrheic_scalp_dandruff_photo/000101.jpg
dandruff_0468_96fa6c49e9f3692b.jpg,dandruff,seborrheic scalp dandruff photo,dataset/concerns/dandruff/_raw/seborrheic_scalp_dandruff_photo/000018.jpg
dandruff_0469_cb2093403ee9cea2.jpg,dandruff,seborrheic scalp dandruff photo,dataset/concerns/dandruff/_raw/seborrheic_scalp_dandruff_photo/000091.jpg
dandruff_0470_5fbfb3c79e39bf07.jpg,dandruff,seborrheic scalp dandruff photo,dataset/concerns/dandruff/_raw/seborrheic_scalp_dandruff_photo/000185.jpg
dandruff_0471_c2c7700c21d859dc.jpg,dandruff,seborrheic scalp dandruff photo,dataset/concerns/dandruff/_raw/seborrheic_scalp_dandruff_photo/000016.jpg
dandruff_0472_5cede4c44ce9fe53.jpg,dandruff,seborrheic scalp dandruff photo,dataset/concerns/dandruff/_raw/seborrheic_scalp_dandruff_photo/000035.jpg
dandruff_0473_4407d7e670381df1.jpg,dandruff,seborrheic scalp dandruff photo,dataset/concerns/dandruff/_raw/seborrheic_scalp_dandruff_photo/000061.jpg
dandruff_0474_6c1e395e39f4ee6b.jpg,dandruff,seborrheic scalp dandruff photo,dataset/concerns/dandruff/_raw/seborrheic_scalp_dandruff_photo/000175.jpg
dandruff_0475_b0ce1cf8ba21dea5.jpg,dandruff,seborrheic scalp dandruff photo,dataset/concerns/dandruff/_raw/seborrheic_scalp_dandruff_photo/000213.jpg
dandruff_0476_6277dd82f2b71e5f.jpg,dandruff,seborrheic scalp dandruff photo,dataset/concerns/dandruff/_raw/seborrheic_scalp_dandruff_photo/000064.jpg
dandruff_0477_9eafe096194176d6.jpg,dandruff,seborrheic scalp dandruff photo,dataset/concerns/dandruff/_raw/seborrheic_scalp_dandruff_photo/000099.jpg
dandruff_0478_73946c321555ae7e.jpg,dandruff,seborrheic scalp dandruff photo,dataset/concerns/dandruff/_raw/seborrheic_scalp_dandruff_photo/000001.jpg
dandruff_0479_4dfbe0eee0034e90.jpg,dandruff,seborrheic scalp dandruff photo,dataset/concerns/dandruff/_raw/seborrheic_scalp_dandruff_photo/000132.jpg
dandruff_0480_0f41cc4af9c3d3b6.jpg,dandruff,seborrheic scalp dandruff photo,dataset/concerns/dandruff/_raw/seborrheic_scalp_dandruff_photo/000193.jpg
dandruff_0481_06594792a644dea2.jpg,dandruff,seborrheic scalp dandruff photo,dataset/concerns/dandruff/_raw/seborrheic_scalp_dandruff_photo/000203.jpg
dandruff_0482_abb569d7e3cb6681.jpg,dandruff,seborrheic scalp dandruff photo,dataset/concerns/dandruff/_raw/seborrheic_scalp_dandruff_photo/000053.jpg
dandruff_0483_45dc9519937f53aa.jpg,dandruff,seborrheic scalp dandruff photo,dataset/concerns/dandruff/_raw/seborrheic_scalp_dandruff_photo/000039.jpg
dandruff_0484_9bee26d52f91c36f.jpg,dandruff,seborrheic scalp dandruff photo,dataset/concerns/dandruff/_raw/seborrheic_scalp_dandruff_photo/000206.jpg
dandruff_0485_fbff37ba860705f5.jpg,dandruff,seborrheic scalp dandruff photo,dataset/concerns/dandruff/_raw/seborrheic_scalp_dandruff_photo/000004.jpg
dandruff_0486_d08334ca243f6837.jpg,dandruff,seborrheic scalp dandruff photo,dataset/concerns/dandruff/_raw/seborrheic_scalp_dandruff_photo/000082.jpg
dandruff_0487_8d894775af744f0a.jpg,dandruff,seborrheic scalp dandruff photo,dataset/concerns/dandruff/_raw/seborrheic_scalp_dandruff_photo/000212.jpg
dandruff_0488_34ac20bf57939e2d.jpg,dandruff,seborrheic scalp dandruff photo,dataset/concerns/dandruff/_raw/seborrheic_scalp_dandruff_photo/000137.jpg
dandruff_0489_369b0d13a7a5deb6.jpg,dandruff,seborrheic scalp dandruff photo,dataset/concerns/dandruff/_raw/seborrheic_scalp_dandruff_photo/000220.jpg
dandruff_0490_e302f2cd7adb76da.jpg,dandruff,seborrheic scalp dandruff photo,dataset/concerns/dandruff/_raw/seborrheic_scalp_dandruff_photo/000023.jpg
dandruff_0491_55c93bea6519dbf8.jpg,dandruff,seborrheic scalp dandruff photo,dataset/concerns/dandruff/_raw/seborrheic_scalp_dandruff_photo/000080.jpg
dandruff_0492_3d7eb8d437120253.jpg,dandruff,seborrheic scalp dandruff photo,dataset/concerns/dandruff/_raw/seborrheic_scalp_dandruff_photo/000078.jpg
dandruff_0493_6a98d25d09f57c2b.jpg,dandruff,seborrheic scalp dandruff photo,dataset/concerns/dandruff/_raw/seborrheic_scalp_dandruff_photo/000201.jpg
dandruff_0494_eefed90ac771906c.jpg,dandruff,seborrheic scalp dandruff photo,dataset/concerns/dandruff/_raw/seborrheic_scalp_dandruff_photo/000223.jpg
dandruff_0495_0f3a5ed943d2976a.jpg,dandruff,seborrheic scalp dandruff photo,dataset/concerns/dandruff/_raw/seborrheic_scalp_dandruff_photo/000112.jpg
dandruff_0496_3692000ab5ddc96b.jpg,dandruff,seborrheic scalp dandruff photo,dataset/concerns/dandruff/_raw/seborrheic_scalp_dandruff_photo/000214.jpg
dandruff_0497_710e2d1d9fd306b2.jpg,dandruff,seborrheic scalp dandruff photo,dataset/concerns/dandruff/_raw/seborrheic_scalp_dandruff_photo/000168.jpg
dandruff_0498_27ee645f75438e7a.jpg,dandruff,seborrheic scalp dandruff photo,dataset/concerns/dandruff/_raw/seborrheic_scalp_dandruff_photo/000033.jpg
dandruff_0499_96041b196645cdaf.jpg,dandruff,seborrheic scalp dandruff photo,dataset/concerns/dandruff/_raw/seborrheic_scalp_dandruff_photo/000019.jpg
dandruff_0500_5fc97dfc285f6dd4.jpg,dandruff,seborrheic scalp dandruff photo,dataset/concerns/dandruff/_raw/seborrheic_scalp_dandruff_photo/000133.jpg
